{
  "model": "meta-llama/Llama-3.3-70B-Instruct-Turbo",
  "total_evaluations": 500,
  "h1_overconfidence_gap": {
    "evidence_confidence_gap": 0.8294600000000001,
    "overconfidence_index": 0.0,
    "expected_calibration_error": 0.4604,
    "confidence_accuracy_correlation": 0.161220884402234,
    "ASI": 0.0
  },
  "h2_hedging_behavior": {
    "VUI": 0.32682425488180883,
    "source_set_on_hedging": -0.29400000000000004,
    "lexical_overconfidence_index": 0.00017403411068569438,
    "hedge_precision": 0.19776119402985073,
    "hedge_recall": 0.9408284023668639,
    "refusal_count": 152,
    "refusal_sensitivity": 0.176
  },
  "diagnostics": {
    "answer_correctness": 0.4947,
    "missed_refusals": 10,
    "brier_score": 0.24403499999999997,
    "source_awareness_score": 0.22959628921778577,
    "overall_faithfulness": 0.7220098542119845
  }
}