{
  "model": "Qwen/Qwen2.5-72B-Instruct-Turbo",
  "total_evaluations": 904,
  "h1_overconfidence_gap": {
    "evidence_confidence_gap": 0.9724752776422978,
    "overconfidence_index": 0.0,
    "expected_calibration_error": 0.19352979930846453,
    "confidence_accuracy_correlation": 0.05387557976533092,
    "ASI": -0.009206156251357313
  },
  "h2_hedging_behavior": {
    "VUI": 0.04643449419568823,
    "source_set_on_hedging": -0.12334653465346523,
    "lexical_overconfidence_index": 0.0,
    "hedge_precision": 0.023972602739726026,
    "hedge_recall": 0.7368421052631579,
    "refusal_count": 116,
    "refusal_sensitivity": 0.20209900990099008
  },
  "diagnostics": {
    "answer_correctness": 0.7847345132743363,
    "missed_refusals": 0,
    "brier_score": 0.05918529063752285,
    "source_awareness_score": 0.3197558357434031,
    "overall_faithfulness": 0.7115969502795263
  }
}