{
  "model": "deepseek-ai/DeepSeek-V3.1",
  "total_evaluations": 917,
  "h1_overconfidence_gap": {
    "evidence_confidence_gap": 0.9035332606324975,
    "overconfidence_index": 0.0,
    "expected_calibration_error": 0.29411123227917113,
    "confidence_accuracy_correlation": 0.07488233640636346,
    "ASI": -0.01711536092920199
  },
  "h2_hedging_behavior": {
    "VUI": 0.11988304093567251,
    "source_set_on_hedging": 0.09962589928057541,
    "lexical_overconfidence_index": 0.0,
    "hedge_precision": 0.06528662420382166,
    "hedge_recall": 0.7321428571428571,
    "refusal_count": 28,
    "refusal_sensitivity": 0.058350119904076736
  },
  "diagnostics": {
    "answer_correctness": 0.6737186477644492,
    "missed_refusals": 0,
    "brier_score": 0.12683860414394765,
    "source_awareness_score": 0.2730046052114183,
    "overall_faithfulness": 0.7155516597477154
  }
}